"Time (UTC)","Endpoint","Method","Location","Response Status","Latency","API"
"2025-02-21 03:11:08","/exercises/bodyPart/{bodyPart}","GET","Philippines",200,"309ms","ExerciseDB"
"2025-02-21 03:16:31","/exercises/bodyPart/{bodyPart}","GET","Philippines",200,"311ms","ExerciseDB"
"2025-02-22 13:23:21","/exercises/bodyPart/{bodyPart}","GET","Philippines",200,"315ms","ExerciseDB"
"2025-02-23 23:05:24","/exercises/bodyPart/{bodyPart}","GET","Philippines",200,"320ms","ExerciseDB"
"2025-02-22 13:29:20","/exercises/bodyPart/{bodyPart}","GET","Philippines",200,"321ms","ExerciseDB"
"2025-02-21 03:17:04","/exercises/bodyPart/{bodyPart}","GET","Philippines",200,"322ms","ExerciseDB"
"2025-02-23 22:40:06","/exercises/bodyPart/{bodyPart}","GET","Philippines",200,"322ms","ExerciseDB"
"2025-02-22 13:17:05","/exercises/bodyPart/{bodyPart}","GET","Philippines",200,"327ms","ExerciseDB"
"2025-02-23 22:39:30","/exercises/bodyPart/{bodyPart}","GET","Philippines",422,"332ms","ExerciseDB"
"2025-02-22 13:54:57","/exercises/bodyPart/{bodyPart}","GET","Philippines",200,"340ms","ExerciseDB"
"2025-02-23 22:39:54","/exercises/bodyPart/{bodyPart}","GET","Philippines",200,"371ms","ExerciseDB"
"2025-02-22 13:33:36","/exercises/bodyPart/{bodyPart}","GET","Philippines",200,"388ms","ExerciseDB"
"2025-02-22 12:50:49","/exercises/bodyPart/{bodyPart}","GET","Philippines",200,"445ms","ExerciseDB"
"2025-02-23 22:39:54","/exercises/bodyPart/{bodyPart}","GET","Philippines",200,"487ms","ExerciseDB"
"2025-02-22 14:07:49","/exercises/bodyPart/{bodyPart}","GET","Philippines",200,"491ms","ExerciseDB"
"2025-02-22 13:35:04","/exercises/bodyPart/{bodyPart}","GET","Philippines",200,"501ms","ExerciseDB"
"2025-02-24 00:09:28","Get Recipe Information","GET","Philippines",200,"560ms","Recipe - Food - Nutrition"
"2025-02-24 00:13:04","Get Recipe Information","GET","Philippines",200,"562ms","Recipe - Food - Nutrition"
"2025-02-21 03:13:41","Get Recipe Information","GET","Philippines",200,"563ms","Recipe - Food - Nutrition"
"2025-02-24 00:09:24","Get Recipe Information","GET","Philippines",200,"566ms","Recipe - Food - Nutrition"
"2025-02-23 22:23:46","Get Recipe Information","GET","Philippines",200,"567ms","Recipe - Food - Nutrition"
"2025-02-24 00:13:15","Get Recipe Information","GET","Philippines",200,"568ms","Recipe - Food - Nutrition"
"2025-02-23 22:34:08","Get Recipe Information","GET","Philippines",200,"569ms","Recipe - Food - Nutrition"
"2025-02-23 22:36:17","Get Recipe Information","GET","Philippines",200,"572ms","Recipe - Food - Nutrition"
"2025-02-23 23:06:05","Get Recipe Information","GET","Philippines",200,"595ms","Recipe - Food - Nutrition"
"2025-02-21 02:50:55","Get Recipe Information","GET","Philippines",200,"606ms","Recipe - Food - Nutrition"
"2025-02-21 02:50:47","Get Recipe Information","GET","Philippines",200,"609ms","Recipe - Food - Nutrition"
"2025-02-21 03:14:24","Get Recipe Information","GET","Philippines",200,"624ms","Recipe - Food - Nutrition"
"2025-02-22 14:56:40","Get Recipe Information","GET","Philippines",200,"627ms","Recipe - Food - Nutrition"
"2025-02-23 22:39:11","Search Recipes","GET","Philippines",200,"631ms","Recipe - Food - Nutrition"
"2025-02-23 23:06:00","Get Recipe Information","GET","Philippines",200,"634ms","Recipe - Food - Nutrition"
"2025-02-21 03:14:45","Get Recipe Information","GET","Philippines",200,"635ms","Recipe - Food - Nutrition"
"2025-02-24 00:12:59","Search Recipes","GET","Philippines",200,"655ms","Recipe - Food - Nutrition"
"2025-02-21 14:17:24","Get Recipe Information","GET","Philippines",200,"657ms","Recipe - Food - Nutrition"
"2025-02-22 15:01:45","/exercises/bodyPart/{bodyPart}","GET","Philippines",422,"664ms","ExerciseDB"
"2025-02-22 15:33:30","Get Recipe Information","GET","Philippines",200,"667ms","Recipe - Food - Nutrition"
"2025-02-23 22:21:33","Search Recipes","GET","Philippines",200,"669ms","Recipe - Food - Nutrition"
"2025-02-22 15:16:57","Get Recipe Information","GET","Philippines",200,"673ms","Recipe - Food - Nutrition"
"2025-02-21 02:50:37","Search Recipes","GET","Philippines",200,"674ms","Recipe - Food - Nutrition"
"2025-02-24 00:09:20","Search Recipes","GET","Philippines",200,"674ms","Recipe - Food - Nutrition"
"2025-02-23 23:05:43","Search Recipes","GET","Philippines",200,"675ms","Recipe - Food - Nutrition"
"2025-02-24 00:09:58","Search Recipes","GET","Philippines",200,"676ms","Recipe - Food - Nutrition"
"2025-02-23 22:36:12","Search Recipes","GET","Philippines",200,"694ms","Recipe - Food - Nutrition"
"2025-02-21 03:09:48","Search Recipes","GET","Philippines",200,"695ms","Recipe - Food - Nutrition"
"2025-02-24 00:05:23","Search Recipes","GET","Philippines",200,"700ms","Recipe - Food - Nutrition"
"2025-02-22 16:05:21","Get Recipe Information","GET","Philippines",200,"703ms","Recipe - Food - Nutrition"
"2025-02-22 16:06:25","/exercises/bodyPart/{bodyPart}","GET","Philippines",422,"712ms","ExerciseDB"
"2025-02-22 15:16:53","Get Recipe Information","GET","Philippines",200,"713ms","Recipe - Food - Nutrition"
"2025-02-22 15:19:24","Get Recipe Information","GET","Philippines",200,"715ms","Recipe - Food - Nutrition"
"2025-02-23 22:24:01","/exercises/bodyPart/{bodyPart}","GET","Australia",200,"723ms","ExerciseDB"
"2025-02-22 15:33:48","/exercises/bodyPart/{bodyPart}","GET","Philippines",422,"726ms","ExerciseDB"
"2025-02-22 16:23:07","Search Recipes","GET","United States",200,"726ms","Recipe - Food - Nutrition"
"2025-02-22 14:56:21","Search Recipes","GET","Philippines",200,"733ms","Recipe - Food - Nutrition"
"2025-02-22 14:15:29","/exercises/bodyPart/{bodyPart}","GET","Philippines",422,"743ms","ExerciseDB"
"2025-02-22 15:44:18","Search Recipes","GET","United States",200,"744ms","Recipe - Food - Nutrition"
"2025-02-22 14:17:11","/exercises/bodyPart/{bodyPart}","GET","Philippines",422,"751ms","ExerciseDB"
"2025-02-21 03:15:58","/exercises/bodyPart/{bodyPart}","GET","Philippines",422,"763ms","ExerciseDB"
"2025-02-21 03:11:08","/exercises/bodyPart/{bodyPart}","GET","Philippines",200,"777ms","ExerciseDB"
"2025-02-22 15:00:42","Search Recipes","GET","Philippines",200,"782ms","Recipe - Food - Nutrition"
"2025-02-21 03:16:53","/exercises/bodyPart/{bodyPart}","GET","Philippines",200,"796ms","ExerciseDB"
"2025-02-22 15:26:36","Search Recipes","GET","Philippines",200,"797ms","Recipe - Food - Nutrition"
"2025-02-22 14:16:19","/exercises/bodyPart/{bodyPart}","GET","Philippines",200,"801ms","ExerciseDB"
"2025-02-24 00:13:38","/exercises/bodyPart/{bodyPart}","GET","Philippines",422,"802ms","ExerciseDB"
"2025-02-22 13:21:26","/exercises/bodyPart/{bodyPart}","GET","Philippines",200,"803ms","ExerciseDB"
"2025-02-21 03:11:16","/exercises/bodyPart/{bodyPart}","GET","Philippines",200,"809ms","ExerciseDB"
"2025-02-23 22:23:12","/exercises/bodyPart/{bodyPart}","GET","Philippines",200,"819ms","ExerciseDB"
"2025-02-22 13:16:11","/exercises/bodyPart/{bodyPart}","GET","Philippines",200,"826ms","ExerciseDB"
"2025-02-22 13:22:45","/exercises/bodyPart/{bodyPart}","GET","Philippines",200,"830ms","ExerciseDB"
"2025-02-23 22:39:58","/exercises/bodyPart/{bodyPart}","GET","Philippines",200,"832ms","ExerciseDB"
"2025-02-23 23:05:01","/exercises/bodyPart/{bodyPart}","GET","Philippines",200,"838ms","ExerciseDB"
"2025-02-22 13:24:38","/exercises/bodyPart/{bodyPart}","GET","unknown country",200,"840ms","ExerciseDB"
"2025-02-22 14:36:53","Get Recipe Information","GET","Philippines",200,"848ms","Recipe - Food - Nutrition"
"2025-02-24 00:13:47","/exercises/bodyPart/{bodyPart}","GET","Philippines",200,"849ms","ExerciseDB"
"2025-02-22 13:15:13","/exercises/bodyPart/{bodyPart}","GET","Philippines",200,"854ms","ExerciseDB"
"2025-02-23 22:23:58","/exercises/bodyPart/{bodyPart}","GET","Australia",422,"871ms","ExerciseDB"
"2025-02-22 12:32:09","/exercises/bodyPart/{bodyPart}","GET","Philippines",200,"878ms","ExerciseDB"
"2025-02-23 23:34:58","Get Recipe Information","GET","Australia",200,"881ms","Recipe - Food - Nutrition"
"2025-02-23 22:36:34","/exercises/bodyPart/{bodyPart}","GET","Philippines",200,"884ms","ExerciseDB"
"2025-02-22 12:31:14","Get Recipe Information","GET","Philippines",200,"905ms","Recipe - Food - Nutrition"
"2025-02-22 15:01:09","Get Recipe Information","GET","Philippines",200,"906ms","Recipe - Food - Nutrition"
"2025-02-22 12:34:00","/exercises/bodyPart/{bodyPart}","GET","Philippines",200,"914ms","ExerciseDB"
"2025-02-23 22:20:40","Get Recipe Information","GET","Australia",200,"914ms","Recipe - Food - Nutrition"
"2025-02-22 16:05:07","Search Recipes","GET","Philippines",200,"914ms","Recipe - Food - Nutrition"
"2025-02-23 22:23:30","/exercises/bodyPart/{bodyPart}","GET","Philippines",200,"914ms","ExerciseDB"
"2025-02-23 09:19:20","Search Recipes","GET","Philippines",200,"924ms","Recipe - Food - Nutrition"
"2025-02-21 14:19:33","/exercises/bodyPart/{bodyPart}","GET","Philippines",200,"926ms","ExerciseDB"
"2025-02-22 13:47:40","/exercises/bodyPart/{bodyPart}","GET","Philippines",200,"931ms","ExerciseDB"
"2025-02-22 14:01:29","/exercises/bodyPart/{bodyPart}","GET","Philippines",200,"1220ms","ExerciseDB"
"2025-02-22 15:33:35","Get Recipe Information","GET","Philippines",200,"1234ms","Recipe - Food - Nutrition"
"2025-02-22 12:31:50","/exercises/bodyPart/{bodyPart}","GET","Philippines",422,"1256ms","ExerciseDB"
"2025-02-23 22:20:34","Search Recipes","GET","Australia",200,"1260ms","Recipe - Food - Nutrition"
"2025-02-22 12:48:26","/exercises/bodyPart/{bodyPart}","GET","Philippines",200,"1308ms","ExerciseDB"
"2025-02-22 13:07:04","/exercises/bodyPart/{bodyPart}","GET","unknown country",200,"1340ms","ExerciseDB"
"2025-02-22 14:03:36","/exercises/bodyPart/{bodyPart}","GET","Philippines",200,"1340ms","ExerciseDB"
"2025-02-22 13:59:05","/exercises/bodyPart/{bodyPart}","GET","Philippines",200,"1346ms","ExerciseDB"
"2025-02-22 14:38:14","Get Recipe Information","GET","Philippines",200,"1384ms","Recipe - Food - Nutrition"
"2025-02-21 03:11:27","/exercises/bodyPart/{bodyPart}","GET","Philippines",200,"1394ms","ExerciseDB"
"2025-02-22 14:06:10","/exercises/bodyPart/{bodyPart}","GET","Philippines",200,"1414ms","ExerciseDB"
"2025-02-21 14:18:06","Get Recipe Information","GET","Philippines",200,"1418ms","Recipe - Food - Nutrition"
"2025-02-22 14:56:35","Get Recipe Information","GET","Philippines",200,"1565ms","Recipe - Food - Nutrition"
"2025-02-22 15:17:16","Get Recipe Information","GET","Philippines",200,"1567ms","Recipe - Food - Nutrition"
"2025-02-22 16:08:09","Get Recipe Information","GET","Philippines",200,"1686ms","Recipe - Food - Nutrition"
"2025-02-22 15:17:38","Get Recipe Information","GET","Philippines",200,"1695ms","Recipe - Food - Nutrition"
"2025-02-22 16:08:39","Get Recipe Information","GET","Philippines",200,"1766ms","Recipe - Food - Nutrition"
"2025-02-22 14:49:02","Get Recipe Information","GET","Philippines",200,"1951ms","Recipe - Food - Nutrition"
"2025-02-22 15:26:49","Get Recipe Information","GET","Philippines",200,"2013ms","Recipe - Food - Nutrition"
"2025-02-22 16:06:32","/exercises/bodyPart/{bodyPart}","GET","Philippines",200,"2041ms","ExerciseDB"
"2025-02-22 16:00:47","/exercises/bodyPart/{bodyPart}","GET","Philippines",200,"2101ms","ExerciseDB"
"2025-02-22 15:27:05","/exercises/bodyPart/{bodyPart}","GET","Philippines",422,"2102ms","ExerciseDB"
"2025-02-22 16:02:02","/exercises/bodyPart/{bodyPart}","GET","Philippines",200,"2137ms","ExerciseDB"
"2025-02-22 14:56:52","/exercises/bodyPart/{bodyPart}","GET","Philippines",422,"2150ms","ExerciseDB"
"2025-02-22 15:26:54","Get Recipe Information","GET","Philippines",200,"2167ms","Recipe - Food - Nutrition"
"2025-02-22 15:27:09","/exercises/bodyPart/{bodyPart}","GET","Philippines",200,"2174ms","ExerciseDB"
"2025-02-22 14:29:35","Get Recipe Information","GET","Philippines",200,"2184ms","Recipe - Food - Nutrition"
"2025-02-22 15:01:54","/exercises/bodyPart/{bodyPart}","GET","Philippines",200,"2197ms","ExerciseDB"
"2025-02-22 13:35:49","/exercises/bodyPart/{bodyPart}","GET","Philippines",200,"2212ms","ExerciseDB"
"2025-02-22 16:07:57","Search Recipes","GET","Philippines",200,"2224ms","Recipe - Food - Nutrition"
"2025-02-22 15:18:06","Search Recipes","GET","Philippines",200,"2282ms","Recipe - Food - Nutrition"
"2025-02-22 15:18:57","Get Recipe Information","GET","Philippines",200,"2852ms","Recipe - Food - Nutrition"
"2025-02-22 15:33:57","/exercises/bodyPart/{bodyPart}","GET","Philippines",200,"2987ms","ExerciseDB"
"2025-02-22 15:34:20","/exercises/bodyPart/{bodyPart}","GET","Philippines",200,"3832ms","ExerciseDB"
"2025-02-22 15:20:59","Get Recipe Information","GET","Philippines",200,"4126ms","Recipe - Food - Nutrition"
"2025-02-22 14:30:48","Get Recipe Information","GET","Philippines",200,"4270ms","Recipe - Food - Nutrition"
"2025-02-22 15:18:31","Get Recipe Information","GET","Philippines",200,"4454ms","Recipe - Food - Nutrition"
"2025-02-22 16:00:36","/exercises/bodyPart/{bodyPart}","GET","Philippines",422,"4520ms","ExerciseDB"
"2025-02-22 14:17:31","/exercises/bodyPart/{bodyPart}","GET","Philippines",200,"5007ms","ExerciseDB"
"2025-02-22 15:12:12","/exercises/bodyPart/{bodyPart}","GET","Philippines",200,"5322ms","ExerciseDB"
"2025-02-22 14:17:02","/exercises/bodyPart/{bodyPart}","GET","Philippines",200,"5362ms","ExerciseDB"
"2025-02-22 16:06:00","Get Recipe Information","GET","Philippines",200,"5874ms","Recipe - Food - Nutrition"
"2025-02-22 15:01:32","Get Recipe Information","GET","Philippines",200,"6001ms","Recipe - Food - Nutrition"
"2025-02-22 14:57:04","/exercises/bodyPart/{bodyPart}","GET","Philippines",200,"6867ms","ExerciseDB"
"2025-02-22 14:15:32","/exercises/bodyPart/{bodyPart}","GET","Philippines",200,"7149ms","ExerciseDB"
"2025-02-22 14:15:28","/exercises/bodyPart/{bodyPart}","GET","Philippines",422,"8904ms","ExerciseDB"
"2025-02-22 14:38:44","/exercises/bodyPart/{bodyPart}","GET","Philippines",200,"9666ms","ExerciseDB"
"2025-02-22 14:51:34","/exercises/bodyPart/{bodyPart}","GET","Philippines",200,"10437ms","ExerciseDB"
"2025-02-22 14:49:00","Get Recipe Information","GET","Philippines",200,"11787ms","Recipe - Food - Nutrition"
"2025-02-21 14:18:46","Get Recipe Information","GET","Philippines",200,"14674ms","Recipe - Food - Nutrition"
"2025-02-23 22:39:53","/exercises/bodyPart/{bodyPart}","GET","Philippines",522,"19414ms","ExerciseDB"
"2025-02-23 22:36:49","/exercises/bodyPart/{bodyPart}","GET","Philippines",522,"19710ms","ExerciseDB"
"2025-02-23 23:06:10","Get Recipe Information","GET","Philippines",200,"20165ms","Recipe - Food - Nutrition"
"2025-02-22 15:17:54","Get Recipe Information","GET","Philippines",522,"78130ms","Recipe - Food - Nutrition"